{
  "accuracy": 0.4444,
  "labels": [
    "negative",
    "neutral",
    "positive"
  ],
  "classification_report": {
    "negative": {
      "precision": 0.3333333333333333,
      "recall": 0.3333333333333333,
      "f1-score": 0.3333333333333333,
      "support": 3.0
    },
    "neutral": {
      "precision": 0.6666666666666666,
      "recall": 0.6666666666666666,
      "f1-score": 0.6666666666666666,
      "support": 3.0
    },
    "positive": {
      "precision": 0.3333333333333333,
      "recall": 0.3333333333333333,
      "f1-score": 0.3333333333333333,
      "support": 3.0
    },
    "accuracy": 0.4444444444444444,
    "macro avg": {
      "precision": 0.4444444444444444,
      "recall": 0.4444444444444444,
      "f1-score": 0.4444444444444444,
      "support": 9.0
    },
    "weighted avg": {
      "precision": 0.4444444444444444,
      "recall": 0.4444444444444444,
      "f1-score": 0.4444444444444444,
      "support": 9.0
    }
  }
}